Year,Name,Performance,Seed,Snake,ESPN BPI,ESPN PVA,AP PRE,AP POST,COACH PRE,COACH POST,Win Pct,PTS,PPG,OPP PTS,OPP PPG,SCR MAR,FGM,FGA,FG%,OPP FG,OPP FGA,OPP FG%,3FG,3PG,3FGA,3FG%,Opp 3FGA,Opp 3FG,Opp 3FG%,FT,FTA,FT%,REB,RPG,OPP REB,OPP RPG,REB MAR,AST,APG,TO,TOPG,AST/TO Ratio,Opp TO,TO Diff,BLKS,BKPG,ST,STPG,Fouls,PFPG,DQ
2013,Akron,2,12,51,73.5,8.2,0,0,0,0,81.3,2327,72.7,1983,62,10.8,837,1831,45.7,688,1766,39,228,7.1,542,42.06642066,528,168,31.8,425,659,64.5,1215,38,1023,32,6,480,15,436,13.6,1.1,442,0.2,183,5.7,229,7.2,565,17.7,8
2013,Albany (NY),2,15,62,51.6,0.5,0,0,0,0,70.6,2190,64.4,2050,60.3,4.1,742,1696,43.8,760,1802,42.2,204,6,489,41.71779141,629,208,33.1,502,684,73.4,1142,33.6,1041,30.6,3,380,11.2,455,13.4,0.84,427,-0.8,69,2,185,5.4,545,16,6
2013,Arizona,4,6,21,83,12.7,902,259,411,183,78.1,2345,73.3,2038,63.7,9.6,801,1781,45,726,1748,41.5,245,7.7,526,46.57794677,531,191,36,498,666,74.8,1160,36.3,968,30.3,6,443,13.8,419,13.1,1.06,441,0.7,125,3.9,222,6.9,523,16.3,13
2013,Belmont,2,11,44,73.7,8.2,0,0,0,0,81.3,2469,77.2,2048,64,13.2,886,1793,49.4,696,1697,41,271,8.5,546,49.63369963,633,209,33,426,581,73.3,1031,32.2,1056,33,-0.8,509,15.9,432,13.5,1.18,556,3.9,88,2.8,315,9.8,586,18.3,4
2013,Boise St.,1,13,45,74.5,8.6,0,0,0,0,67.7,2272,73.3,2015,65,8.3,798,1737,45.9,678,1574,43.1,242,7.8,629,38.47376789,603,200,33.2,434,579,75,1052,33.9,922,29.7,4.2,409,13.2,375,12.1,1.09,420,1.5,53,1.7,209,6.7,586,18.9,16
2013,Bucknell,2,11,48,71.1,7.2,0,0,0,0,84.8,2221,67.3,1898,57.5,9.8,795,1745,45.6,683,1809,37.8,152,4.6,592,25.67567568,559,174,31.1,479,644,74.4,1193,36.2,1001,30.3,5.8,442,13.4,312,9.5,1.42,302,-0.3,135,4.1,118,3.6,478,14.5,2
2013,Butler,3,6,22,74.7,8.7,0,0,0,0,76.5,2355,69.3,2169,63.8,5.5,825,1820,45.3,761,1822,41.8,225,6.6,737,30.52917232,573,191,33.3,480,697,68.9,1246,36.6,985,29,7.7,444,13.1,454,13.4,0.98,382,-2.1,83,2.4,193,5.7,612,18,13
2013,California,3,12,42,72,7.6,0,0,0,0,64.5,2094,67.5,1996,64.4,3.2,785,1760,44.6,716,1810,39.6,125,4,790,15.82278481,532,179,33.6,399,550,72.5,1153,37.2,1054,34,3.2,436,14.1,389,12.5,1.12,343,-1.5,147,4.7,179,5.8,506,16.3,13
2013,Cincinnati,2,10,37,76.7,9.5,120,0,33,0,66.7,2199,66.6,1939,58.8,7.9,764,1899,40.2,697,1809,38.5,225,6.8,521,43.18618042,547,164,30,446,687,64.9,1320,40,1107,33.5,6.5,403,12.2,423,12.8,0.95,436,0.4,204,6.2,231,7,584,17.7,14
2013,Colorado,2,10,36,75.8,9.1,0,0,0,0,65.6,2181,68.2,2041,63.8,4.4,758,1737,43.6,753,1866,40.4,173,5.4,473,36.57505285,669,216,32.3,492,719,68.4,1191,37.2,1082,33.8,3.4,321,10,424,13.3,0.76,414,-0.3,100,3.1,225,7,505,15.8,13
2013,Colorado St.,3,8,30,78.5,10.4,0,0,0,0,75.8,2413,73.1,2075,62.9,10.2,837,1870,44.8,712,1740,40.9,168,5.1,677,24.81536189,655,221,33.7,571,801,71.3,1334,40.4,936,28.4,12.1,431,13.1,355,10.8,1.21,366,0.3,67,2,161,4.9,564,17.1,6
2013,Creighton,3,7,25,83.1,12.8,622,215,325,142,79.4,2563,75.4,2145,63.1,12.3,907,1787,50.8,799,1961,40.7,298,8.8,666,44.74474474,649,203,31.3,451,601,75,1198,35.2,1030,30.3,4.9,584,17.2,417,12.3,1.4,359,-1.7,88,2.6,170,5,551,16.2,6
2013,Davidson,2,14,55,68.3,6.2,0,0,0,0,78.8,2432,73.7,2051,62.2,11.5,818,1767,46.3,719,1747,41.2,250,7.6,722,34.62603878,462,151,32.7,546,682,80.1,1116,33.8,1037,31.4,2.4,461,14,360,10.9,1.28,405,1.4,97,2.9,187,5.7,584,17.7,8
2013,Duke,5,2,6,88.5,16.4,1094,1297,516,609,84.4,2505,78.3,2093,65.4,12.9,875,1837,47.6,768,1839,41.8,248,7.8,543,45.67219153,492,144,29.3,507,693,73.2,1082,33.8,1120,35,-1.2,470,14.7,343,10.7,1.37,460,3.7,121,3.8,209,6.5,567,17.7,18
2013,FGCU,4,15,59,56.2,2,0,0,0,0,70.6,2487,73.1,2268,66.7,6.4,902,1960,46,793,1951,40.6,230,6.8,479,48.01670146,743,231,31.1,453,669,67.7,1245,36.6,1205,35.4,1.2,476,14,499,14.7,0.95,539,1.2,128,3.8,306,9,598,17.6,15
2013,Florida,5,3,10,89,16.7,936,768,422,420,78.8,2364,71.6,1772,53.7,17.9,865,1799,48.1,637,1688,37.7,277,8.4,611,45.33551555,559,168,30.1,357,524,68.1,1157,35.1,999,30.3,4.8,489,14.8,367,11.1,1.33,463,2.9,109,3.3,230,7,466,14.1,6
2013,Georgetown,2,2,7,82.2,12.2,0,1204,0,543,80.6,2002,64.6,1728,55.7,8.8,713,1563,45.6,602,1600,37.6,182,5.9,515,35.33980583,545,166,30.5,394,579,68,1021,32.9,984,31.7,1.2,459,14.8,393,12.7,1.17,441,1.5,119,3.8,234,7.5,523,16.9,19
2013,Gonzaga,3,1,4,87.4,15.5,384,1604,166,774,93.9,2562,77.6,1961,59.4,18.2,917,1820,50.4,692,1813,38.2,210,6.4,586,35.83617747,688,220,32,518,733,70.7,1231,37.3,988,29.9,7.4,503,15.2,370,11.2,1.36,455,2.6,94,2.8,263,8,518,15.7,2
2013,Harvard,3,14,58,59.6,3.1,0,0,0,0,67.9,1930,68.9,1788,63.9,5.1,639,1326,48.2,659,1497,44,178,6.4,620,28.70967742,424,138,32.5,474,658,72,823,29.4,852,30.4,-1,370,13.2,378,13.5,0.98,386,0.3,122,4.4,208,7.4,423,15.1,10
2013,Illinois,3,7,28,69.7,6.7,0,0,0,0,64.7,2349,69.1,2220,65.3,3.8,819,1971,41.6,771,1805,42.7,265,7.8,615,43.08943089,635,218,34.3,446,615,72.5,1140,33.5,1185,34.9,-1.3,348,10.2,391,11.5,0.89,490,2.9,135,4,235,6.9,619,18.2,14
2013,Indiana,4,1,3,88,16,1592,1410,761,639,81.8,2640,80,2061,62.5,17.5,887,1824,48.6,747,1917,39,241,7.3,462,52.16450216,630,193,30.6,625,839,74.5,1274,38.6,1019,30.9,7.7,480,14.5,429,13,1.12,475,1.4,123,3.7,247,7.5,564,17.1,5
2013,Iona,2,15,61,62.9,4.2,0,0,0,0,60.6,2663,80.7,2500,75.8,4.9,933,2041,45.7,904,2012,44.9,277,8.4,587,47.1890971,711,265,37.3,520,668,77.8,1189,36,1184,35.9,0.2,510,15.5,402,12.2,1.27,465,1.9,99,3,218,6.6,564,17.1,13
2013,Iowa St.,3,10,39,76.5,9.4,0,0,0,0,66.7,2628,79.6,2350,71.2,8.4,910,2000,45.5,843,1976,42.7,325,9.8,497,65.39235412,657,202,30.7,483,661,73.1,1278,38.7,1122,34,4.7,527,16,438,13.3,1.2,436,-0.1,96,2.9,215,6.5,560,17,12
2013,James Madison,2,16,66,48.2,-0.6,0,0,0,0,58.8,2216,65.2,2188,64.4,0.8,766,1823,42,748,1751,42.7,195,5.7,599,32.5542571,597,209,35,489,698,70.1,1112,32.7,1164,34.2,-1.5,399,11.7,380,11.2,1.05,470,2.6,153,4.5,268,7.9,583,17.1,10
2013,Kansas,4,1,2,85.5,14.2,1210,1459,563,703,85.3,2563,75.4,2090,61.5,13.9,905,1886,48,710,1973,36,205,6,505,40.59405941,714,219,30.7,548,748,73.3,1330,39.1,1104,32.5,6.6,532,15.6,465,13.7,1.14,437,-0.8,225,6.6,244,7.2,577,17,10
2013,Kansas St.,2,4,14,77.6,10,0,903,0,370,79.4,2353,69.2,2052,60.4,8.9,848,1945,43.6,729,1743,41.8,234,6.9,599,39.06510851,520,164,31.5,423,614,68.9,1199,35.3,1090,32.1,3.2,545,16,394,11.6,1.38,485,2.7,122,3.6,241,7.1,617,18.1,10
2013,La Salle,4,13,49,72,7.5,0,0,0,0,70,2173,72.4,1979,66,6.5,772,1722,44.8,762,1672,45.6,228,7.6,569,40.07029877,408,122,29.9,401,543,73.8,951,31.7,1040,34.7,-3,431,14.4,351,11.7,1.23,446,3.2,107,3.6,242,8.1,459,15.3,10
2013,Liberty,1,16,68,36.2,-4.5,0,0,0,0,42.9,2417,69.1,2446,69.9,-0.8,815,1900,42.9,852,2032,41.9,241,6.9,706,34.13597734,679,204,30,546,752,72.6,1248,35.7,1271,36.3,-0.7,428,12.2,468,13.4,0.91,377,-2.6,102,2.9,193,5.5,668,19.1,8
2013,LIU Brooklyn,1,16,65,48,-0.6,0,0,0,0,60.6,2622,79.5,2521,76.4,3.1,894,1849,48.4,932,1990,46.8,243,7.4,645,37.6744186,609,227,37.3,591,857,69,1168,35.4,1108,33.6,1.8,504,15.3,475,14.4,1.06,430,-1.4,116,3.5,225,6.8,585,17.7,17
2013,Louisville,8,1,1,91.3,18.8,1568,1579,738,743,85.3,2501,73.6,1971,58,15.6,879,1974,44.5,696,1793,38.8,198,5.8,557,35.5475763,600,187,31.2,545,766,71.1,1275,37.5,1154,33.9,3.6,510,15,431,12.7,1.18,636,6,144,4.2,365,10.7,603,17.7,7
2013,Marquette,5,3,12,80.4,11.3,0,646,0,291,74.2,2139,69,1945,62.7,6.3,760,1629,46.7,692,1707,40.5,132,4.3,701,18.83024251,606,193,31.8,487,674,72.3,1084,35,949,30.6,4.4,445,14.4,422,13.6,1.05,399,-0.7,106,3.4,209,6.7,526,17,6
2013,Memphis,3,6,23,81,11.6,539,424,307,323,88.2,2579,75.9,2213,65.1,10.8,937,1958,47.9,780,1928,40.5,210,6.2,595,35.29411765,588,197,33.5,495,743,66.6,1285,37.8,1117,32.9,4.9,585,17.2,497,14.6,1.18,526,0.9,214,6.3,305,9,615,18.1,20
2013,Miami (FL),4,2,5,83.4,12.9,0,1353,0,639,81.8,2307,69.9,2002,60.7,9.2,827,1798,46,727,1822,39.9,225,6.8,615,36.58536585,635,207,32.6,428,632,67.7,1180,35.8,1073,32.5,3.2,372,11.3,360,10.9,1.03,392,1,150,4.5,209,6.3,486,14.7,6
2013,Michigan,7,4,13,84.1,13.3,1290,989,605,441,78.8,2480,75.2,2076,62.9,12.2,923,1908,48.4,785,1873,41.9,247,7.5,521,47.40882917,654,216,33,387,547,70.7,1159,35.1,1062,32.2,2.9,471,14.3,304,9.2,1.55,400,2.9,94,2.8,198,6,430,13,1
2013,Michigan St.,4,3,11,83.7,13.1,789,1038,391,496,75.8,2252,68.2,1956,59.3,9,810,1761,46,700,1776,39.4,164,5,495,33.13131313,598,180,30.1,468,653,71.7,1230,37.3,1008,30.5,6.7,438,13.3,443,13.4,0.99,421,-0.7,126,3.8,267,8.1,525,15.9,3
2013,Middle Tenn.,1,11,50,74.5,8.6,0,0,0,0,84.8,2351,71.2,1907,57.8,13.5,826,1783,46.3,653,1658,39.4,177,5.4,513,34.50292398,527,156,29.6,522,753,69.3,1215,36.8,1016,30.8,6,467,14.2,455,13.8,1.03,523,2.1,125,3.8,234,7.1,680,20.6,8
2013,Minnesota,3,11,41,77.6,10,0,0,0,0,62.5,2190,68.4,1974,61.7,6.8,764,1727,44.2,679,1713,39.6,167,5.2,458,36.4628821,587,199,33.9,495,723,68.5,1243,38.8,980,30.6,8.2,473,14.8,442,13.8,1.07,409,-1,183,5.7,242,7.6,561,17.5,6
2013,Missouri,2,9,33,79.5,10.8,664,0,289,0,69.7,2516,76.2,2184,66.2,10.1,900,1958,46,787,1964,40.1,208,6.3,726,28.65013774,690,227,32.9,508,687,73.9,1367,41.4,1051,31.8,9.6,460,13.9,437,13.2,1.05,397,-1.2,116,3.5,223,6.8,543,16.5,6
2013,Montana,2,13,54,56.4,2.1,0,0,0,0,80.6,2204,71.1,2015,65,6.1,749,1581,47.4,718,1681,42.7,215,6.9,560,38.39285714,514,171,33.3,491,639,76.8,966,31.2,1004,32.4,-1.2,400,12.9,374,12.1,1.07,379,0.2,94,3,182,5.9,521,16.8,11
2013,N.C. A&T,2,16,67,39.8,-3.3,0,0,0,0,54.3,2178,62.2,2140,61.1,1.1,732,1834,39.9,709,1857,38.2,201,5.7,567,35.44973545,711,226,31.8,513,780,65.8,1240,35.4,1289,36.8,-1.4,388,11.1,529,15.1,0.73,562,0.9,161,4.6,248,7.1,679,19.4,15
2013,New Mexico,2,3,9,84,13.3,0,989,0,465,85.3,2293,67.4,2052,60.4,7.1,747,1759,42.5,738,1902,38.8,218,6.4,492,44.30894309,743,255,34.3,581,805,72.2,1198,35.2,1125,33.1,2.1,497,14.6,391,11.5,1.27,432,1.2,133,3.9,208,6.1,525,15.4,12
2013,New Mexico St.,2,13,52,84,13.3,0,0,0,0,70.6,2311,68,2111,62.1,5.9,815,1767,46.1,755,1895,39.8,135,4,527,25.61669829,571,189,33.1,546,832,65.6,1278,37.6,1059,31.1,6.4,391,11.5,490,14.4,0.8,422,-2,186,5.5,189,5.6,513,15.1,7
2013,North Carolina,3,8,29,77.5,9.9,904,0,401,0,70.6,2624,77.2,2351,69.1,8,977,2199,44.4,867,2054,42.2,255,7.5,551,46.27949183,682,239,35,415,618,67.2,1323,38.9,1241,36.5,2.4,588,17.3,414,12.2,1.42,520,3.1,114,3.4,278,8.2,505,14.9,5
2013,North Carolina St.,2,8,32,80.1,11.1,1270,0,581,0,70.6,2636,77.5,2382,70.1,7.5,956,1935,49.4,875,2095,41.8,180,5.3,617,29.17341977,675,202,29.9,544,797,68.3,1252,36.8,1152,33.9,2.9,497,14.6,420,12.4,1.18,395,-0.7,145,4.3,224,6.6,521,15.3,11
2013,Northwestern St.,2,14,57,57.2,2.3,0,0,0,0,74.2,2512,81,2206,71.2,9.9,901,1956,46.1,794,1873,42.4,186,6,585,31.79487179,495,162,32.7,524,764,68.6,1219,39.3,1206,38.9,0.4,480,15.5,433,14,1.11,527,3,148,4.8,305,9.8,600,19.4,9
2013,Notre Dame,2,7,27,76.6,9.5,297,198,122,0,73.5,2392,70.4,2146,63.1,7.2,870,1878,46.3,816,1952,41.8,224,6.6,678,33.03834808,566,182,32.2,428,605,70.7,1232,36.2,1093,32.1,4.1,578,17,376,11.1,1.54,352,-0.7,130,3.8,173,5.1,484,14.2,10
2013,Ohio St.,5,2,8,84.8,13.8,1292,1243,617,611,78.8,2285,69.2,1912,57.9,11.3,827,1823,45.4,685,1735,39.5,199,6,580,34.31034483,619,198,32,432,623,69.3,1171,35.5,1050,31.8,3.7,440,13.3,350,10.6,1.26,435,2.6,142,4.3,224,6.8,513,15.5,4
2013,Oklahoma,2,10,40,74.4,8.5,0,0,0,0,64.5,2205,71.1,2052,66.2,4.9,780,1789,43.6,736,1763,41.7,154,5,621,24.79871176,609,199,32.7,491,646,76,1139,36.7,1081,34.9,1.9,384,12.4,367,11.8,1.05,412,1.5,87,2.8,200,6.5,537,17.3,7
2013,Oklahoma St.,2,5,17,81.4,11.8,0,595,0,240,75,2316,72.4,2011,62.8,9.5,793,1802,44,693,1779,39,178,5.6,490,36.32653061,609,196,32.2,552,736,75,1165,36.4,1108,34.6,1.8,386,12.1,397,12.4,0.97,472,2.3,152,4.8,240,7.5,575,18,8
2013,Ole Miss,3,12,47,76.9,9.6,0,0,0,0,76.5,2648,77.9,2287,67.3,10.6,925,2110,43.8,823,2008,41,231,6.8,557,41.47217235,718,225,31.3,567,829,68.4,1317,38.7,1281,37.7,1.1,428,12.6,386,11.4,1.11,529,4.2,175,5.1,286,8.4,576,16.9,14
2013,Oregon,4,12,43,76.9,9.6,0,172,0,66,76.5,2439,71.7,2163,63.6,8.1,866,1937,44.7,776,1882,41.2,171,5,549,31.14754098,557,191,34.3,536,755,71,1272,37.4,1065,31.3,6.1,442,13,507,14.9,0.87,530,0.7,136,4,289,8.5,591,17.4,6
2013,Pacific,2,15,60,59.5,3.1,0,0,0,0,64.7,2295,67.5,2160,63.5,4,806,1785,45.2,736,1747,42.1,216,6.4,507,42.6035503,671,231,34.4,467,673,69.4,1099,32.3,1092,32.1,0.2,501,14.7,376,11.1,1.33,438,1.8,45,1.3,192,5.6,605,17.8,10
2013,Pittsburgh,2,8,31,83,12.7,0,293,0,123,75,2227,69.6,1774,55.4,14.2,818,1721,47.5,608,1549,39.3,162,5.1,608,26.64473684,545,170,31.2,429,646,66.4,1131,35.3,905,28.3,7.1,529,16.5,349,10.9,1.52,433,2.6,126,3.9,213,6.7,548,17.1,3
2013,Saint Louis,3,4,15,80.9,11.6,0,810,0,398,81.8,2267,68.7,1918,58.1,10.6,763,1705,44.8,690,1673,41.2,203,6.2,778,26.09254499,448,147,32.8,538,762,70.6,1084,32.8,1071,32.5,0.4,425,12.9,379,11.5,1.12,503,3.8,104,3.2,247,7.5,573,17.4,12
2013,San Diego St.,3,7,26,78.7,10.5,463,0,196,0,68.8,2215,69.2,1941,60.7,8.6,788,1799,43.8,698,1800,38.8,188,5.9,524,35.8778626,589,191,32.4,451,667,67.6,1179,36.8,1068,33.4,3.5,394,12.3,382,11.9,1.03,407,0.8,146,4.6,220,6.9,475,14.8,5
2013,South Dakota St.,2,13,53,60.2,3.3,0,0,0,0,73.5,2512,73.9,2229,65.6,8.3,887,1887,47,839,1897,44.2,266,7.8,7.1,3746.478873,656,234,35.7,472,619,76.3,1181,34.7,1040,30.6,4.1,493,14.5,353,10.4,1.4,379,0.8,78,2.3,172,5.1,482,14.2,7
2013,Southern U.,2,16,64,49.9,0,0,0,0,0,71.9,2165,67.7,1826,57.1,10.6,743,1711,43.4,635,1740,36.5,216,6.8,585,36.92307692,539,153,28.4,463,671,69,1126,35.2,1131,35.3,-0.2,366,11.4,349,10.9,1.05,437,2.8,126,3.9,240,7.5,551,17.2,12
2013,St. Mary's (CA),2,11,46,76.5,9.5,0,0,0,63,81.8,2491,75.5,2095,63.5,12,870,1835,47.4,721,1719,41.9,262,7.9,475,55.15789474,496,186,37.5,489,674,72.6,1223,37.1,937,28.4,8.7,484,14.7,396,12,1.22,385,-0.3,98,3,207,6.3,578,17.5,10
2013,Syracuse,6,4,16,83.5,13,1062,626,502,263,74.3,2497,71.3,2103,60.1,11.3,899,2043,44,712,1890,37.7,212,6.1,6.5,3261.538462,752,224,29.8,487,721,67.5,1356,38.7,1212,34.6,4.1,509,14.5,442,12.6,1.15,541,2.8,217,6.2,311,8.9,566,16.2,12
2013,Temple,3,9,34,71.5,7.4,0,0,0,0,71.9,2328,72.8,2179,68.1,4.7,806,1875,43,776,1786,43.4,233,7.3,6.5,3584.615385,529,188,35.5,483,666,72.5,1102,34.4,1148,35.9,-1.4,476,14.9,351,11,1.36,438,2.7,118,3.7,257,8,525,16.4,5
2013,UCLA,2,6,24,77.7,10,840,189,396,0,73.5,2541,74.7,2344,68.9,5.8,941,2068,45.5,895,2120,42.2,167,4.9,596,28.02013423,656,209,31.9,492,681,72.2,1234,36.3,1297,38.1,-1.9,549,16.1,376,11.1,1.46,480,3.1,125,3.7,278,8.2,507,14.9,6
2013,UNLV,2,5,18,78.8,10.5,488,0,203,0,73.5,2435,71.6,2142,63,8.6,853,1943,43.9,768,1980,38.8,221,6.5,487,45.3798768,639,198,31,508,721,70.5,1364,40.1,1140,33.5,6.6,551,16.2,475,14,1.16,443,-0.9,197,5.8,250,7.4,573,16.9,9
2013,Valparaiso,2,14,56,70.1,6.8,0,0,0,0,78.8,2366,71.7,2054,62.2,9.5,804,1645,48.9,719,1737,41.4,246,7.5,5.3,4641.509434,455,153,33.6,512,699,73.2,1086,32.9,940,28.5,4.4,457,13.8,479,14.5,0.95,378,-0.6,109,3.3,220,6.7,574,17.4,13
2013,VCU,3,5,20,80.2,11.2,0,0,0,97,76.5,2629,77.3,2203,64.8,12.5,952,2120,44.9,765,1722,44.4,270,7.9,6.3,4285.714286,568,191,33.6,455,649,70.1,1184,34.8,1182,34.8,0.1,500,14.7,402,11.8,1.24,409,0.1,107,3.1,402,11.8,677,19.9,3
2013,Villanova,2,9,38,70.6,7,0,0,0,0,60.6,2236,67.8,2136,64.7,3,705,1698,41.5,709,1764,40.2,200,6.1,5.1,3921.568627,640,234,36.6,626,870,72,1197,36.3,1097,33.2,3,407,12.3,517,15.7,0.79,404,1.8,112,3.4,254,7.7,629,19.1,14
2013,Western Ky.,2,16,63,50.6,0.2,0,0,0,0,57.1,2352,67.2,2300,65.7,1.5,816,1893,43.1,804,1903,42.2,223,6.4,7.4,3013.513514,612,200,32.7,497,737,67.4,1266,36.2,1154,33,3.2,392,11.2,527,15.1,0.74,400,-1.8,115,3.3,214,6.1,667,19.1,12
2013,Wichita St.,6,9,35,79.2,10.7,0,0,0,0,76.5,2361,69.4,2064,60.7,8.7,836,1887,44.3,696,1741,40,224,6.6,5.7,3929.824561,631,208,33,465,676,68.8,1307,38.4,1020,30,8.4,469,13.8,435,12.8,1.08,318,-2.4,152,4.5,254,7.5,602,17.7,7
2013,Wisconsin,2,5,19,79.2,10.7,285,528,191,276,67.6,2228,65.5,1901,55.9,9.6,808,1900,42.5,722,1833,39.4,252,7.4,659,38.23975721,455,133,29.2,360,569,63.3,1247,36.7,1120,32.9,3.7,455,13.4,331,9.7,1.37,455,1.3,146,4.3,193,5.7,475,14,7
2014,Albany (NY),2,16,66,47.4,-0.8,0,0,0,0,56.3,2113,66,2043,63.8,2.2,718,1635,43.9,728,1739,41.9,157,4.9,431,36.42691415,627,221,35.2,520,695,74.8,1106,34.6,1009,31.5,3,354,11.1,404,12.6,0.88,383,-0.7,98,3.1,177,5.5,552,17.3,18
2014,American,2,15,62,55.4,1.7,0,0,0,0,62.5,2046,63.9,1876,58.6,5.3,737,1490,49.5,645,1569,41.1,203,6.3,531,38.22975518,482,151,31.3,369,520,71,962,30.1,931,29.1,1,484,15.1,447,14,1.08,388,-1.8,110,3.4,193,6,551,17.2,8
2014,Arizona,5,1,2,91.1,18.9,1311,1422,637,679,88.2,2484,73.1,1977,58.1,14.9,892,1904,46.8,693,1819,38.1,180,5.3,505,35.64356436,477,150,31.4,520,794,65.5,1322,38.9,1035,30.4,8.4,513,15.1,355,10.4,1.45,422,2,144,4.2,200,5.9,559,16.4,9
2014,Arizona St.,2,10,40,74.8,8.8,0,0,0,0,65.6,2401,75,2204,68.9,6.2,809,1796,45,790,1903,41.5,260,8.1,673,38.63298663,524,170,32.4,523,754,69.4,1140,35.6,1221,38.2,-2.5,454,14.2,367,11.5,1.24,385,0.6,181,5.7,165,5.2,617,19.3,13
2014,Baylor,4,6,24,76.2,9.4,180,148,0,0,68.6,2632,75.2,2393,68.4,6.8,894,1963,45.5,856,2019,42.4,265,7.6,679,39.02798233,670,243,36.3,579,860,67.3,1354,38.7,1114,31.8,6.9,525,15,414,11.8,1.27,365,-1.4,195,5.6,183,5.2,605,17.3,7
2014,BYU,2,10,39,73.1,8.1,0,0,0,0,67.6,2863,84.2,2619,77,7.2,992,2125,46.7,908,2121,42.8,172,5.1,479,35.90814196,751,257,34.2,707,1025,69,1400,41.2,1216,35.8,5.4,530,15.6,386,11.4,1.37,433,1.4,103,3,247,7.3,665,19.6,16
2014,Cal Poly,2,16,68,47.4,-0.8,0,0,0,0,40.6,2023,63.2,2030,63.4,-0.2,713,1741,41,692,1604,43.1,207,6.5,611,33.87888707,509,173,34,390,563,69.3,1034,32.3,1077,33.7,-1.3,374,11.7,287,9,1.3,358,2.2,88,2.8,187,5.8,584,18.3,4
2014,Cincinnati,2,5,17,80.4,11.4,0,720,0,390,81.8,2268,68.7,1925,58.3,10.4,784,1836,42.7,671,1701,39.4,192,5.8,573,33.5078534,551,176,31.9,508,717,70.9,1190,36.1,1045,31.7,4.4,420,12.7,366,11.1,1.15,473,3.2,182,5.5,262,7.9,576,17.5,10
2014,Coastal Caro.,2,16,63,47.4,-0.8,0,0,0,0,63.6,2399,72.7,2256,68.4,4.3,840,1919,43.8,757,1894,40,203,6.2,609,33.33333333,805,256,31.8,516,744,69.4,1308,39.6,1147,34.8,4.9,349,10.6,465,14.1,0.75,433,-1,94,2.8,211,6.4,649,19.7,18
2014,Colorado,2,8,32,71.5,7.5,0,0,0,0,67.6,2409,70.9,2310,67.9,2.9,799,1829,43.7,826,1926,42.9,177,5.2,553,32.00723327,692,247,35.7,634,885,71.6,1276,37.5,1065,31.3,6.2,392,11.5,449,13.2,0.87,419,-0.9,115,3.4,205,6,564,16.6,7
2014,Creighton,3,3,11,81.5,12,0,658,0,333,78.8,2625,79.5,2225,67.4,12.1,907,1818,49.9,789,1870,42.2,342,10.4,812,42.1182266,651,219,33.6,469,624,75.2,1134,34.4,1044,31.6,2.7,585,17.7,328,9.9,1.78,326,-0.1,46,1.4,135,4.1,582,17.6,6
2014,Dayton,5,11,41,74.9,8.9,0,0,0,0,69.7,2422,73.4,2232,67.6,5.8,847,1817,46.6,758,1726,43.9,217,6.6,574,37.80487805,554,190,34.3,511,750,68.1,1165,35.3,1027,31.1,4.2,431,13.1,396,12,1.09,417,0.6,86,2.6,192,5.8,662,20.1,7
2014,Delaware,2,13,54,62.1,4,0,0,0,0,73.5,2704,79.5,2555,75.1,4.4,916,2053,44.6,906,2059,44,244,7.2,707,34.51202263,651,209,32.1,628,886,70.9,1240,36.5,1323,38.9,-2.4,370,10.9,326,9.6,1.13,404,2.3,122,3.6,204,6,641,18.9,16
2014,Duke,2,3,9,83.7,13.3,1435,1121,710,609,76.5,2611,79.1,2209,66.9,12.2,883,1895,46.6,802,1768,45.4,293,8.9,750,39.06666667,424,128,30.2,552,759,72.7,1138,34.5,1071,32.5,2,481,14.6,316,9.6,1.52,409,2.8,101,3.1,231,7,630,19.1,12
2014,Eastern Ky.,2,15,59,56.8,2.2,0,0,0,0,72.7,2608,79,2331,70.6,8.4,859,1753,49,761,1578,48.2,303,9.2,776,39.04639175,570,204,35.8,587,782,75.1,865,26.2,1067,32.3,-6.1,484,14.7,352,10.7,1.38,560,6.3,66,2,291,8.8,686,20.8,20
2014,Florida,6,1,1,90.1,17.9,1048,1610,550,794,94.1,2405,70.7,1970,57.9,12.8,829,1794,46.2,697,1747,39.9,233,6.9,633,36.80884676,550,183,33.3,514,778,66.1,1213,35.7,1049,30.9,4.8,454,13.4,385,11.3,1.18,475,2.6,97,2.9,245,7.2,551,16.2,8
2014,George Washington,2,9,34,75.5,9.1,0,0,0,0,75,2349,73.4,2140,66.9,6.5,814,1756,46.4,761,1840,41.4,185,5.8,502,36.85258964,663,208,31.4,536,820,65.4,1196,37.4,1077,33.7,3.7,453,14.2,418,13.1,1.08,430,0.4,133,4.2,226,7.1,579,18.1,10
2014,Gonzaga,3,8,30,79.7,11.1,538,0,270,0,82.4,2615,76.9,2211,65,11.9,925,1859,49.8,748,1897,39.4,240,7.1,609,39.408867,606,193,31.8,525,739,71,1215,35.7,1110,32.6,3.1,499,14.7,383,11.3,1.3,404,0.6,136,4,227,6.7,617,18.1,11
2014,Harvard,3,12,49,76.5,9.6,0,0,0,0,86.7,2209,73.6,1815,60.5,13.1,746,1596,46.7,631,1551,40.7,172,5.7,445,38.65168539,478,153,32,545,751,72.6,1027,34.2,936,31.2,3,434,14.5,342,11.4,1.27,437,3.2,149,5,235,7.8,534,17.8,11
2014,Iowa,1,11,45,80,11.2,0,0,0,0,62.5,2624,82,2243,70.1,11.9,895,1926,46.5,780,1884,41.4,187,5.8,530,35.28301887,701,224,32,647,883,73.3,1302,40.7,1064,33.3,7.4,518,16.2,365,11.4,1.42,431,2.1,162,5.1,232,7.3,575,18,11
2014,Iowa St.,4,3,12,83.8,13.3,0,1055,0,492,78.8,2735,82.9,2439,73.9,9,966,2049,47.1,865,2087,41.4,274,8.3,781,35.08322663,705,237,33.6,529,762,69.4,1280,38.8,1236,37.5,1.3,612,18.5,348,10.5,1.76,391,1.3,97,2.9,199,6,575,17.4,15
2014,Kansas,3,2,7,86.7,15.2,1357,1045,623,487,72.7,2627,79.6,2325,70.5,9.2,904,1826,49.5,772,1857,41.6,184,5.6,533,34.52157598,577,207,35.9,635,893,71.1,1258,38.1,1017,30.8,7.3,499,15.1,435,13.2,1.15,373,-1.9,187,5.7,193,5.8,696,21.1,10
2014,Kansas St.,2,9,33,73.1,81,0,0,0,0,62.5,2231,69.7,2103,65.7,4,779,1787,43.6,704,1724,40.8,193,6,577,33.44887348,538,158,29.4,480,729,65.8,1152,36,1109,34.7,1.3,495,15.5,394,12.3,1.26,401,0.2,95,3,198,6.2,694,21.7,14
2014,Kentucky,7,8,29,85.5,14.4,1546,0,767,103,70.6,2581,75.9,2266,66.6,9.3,856,1897,45.1,789,1956,40.3,173,5.1,532,32.51879699,575,182,31.7,696,1020,68.2,1399,41.1,1066,31.4,9.8,391,11.5,415,12.2,0.94,374,-1.2,212,6.2,162,4.8,646,19,12
2014,La.-Lafayette,2,14,57,57.9,2.6,0,0,0,0,67.6,2769,81.4,2555,75.1,6.3,963,2061,46.7,878,1977,44.4,242,7.1,654,37.0030581,591,196,33.2,601,896,67.1,1299,38.2,1179,34.7,3.5,464,13.6,463,13.6,1,477,0.4,139,4.1,247,7.3,717,21.1,16
2014,Louisville,4,4,13,88.3,16.4,1501,1412,741,717,85.3,2792,82.1,2071,60.9,21.2,983,2075,47.4,718,1824,39.4,274,8.1,738,37.12737127,560,163,29.1,552,838,65.9,1288,37.9,1187,34.9,3,533,15.7,350,10.3,1.52,593,7.1,157,4.6,344,10.1,663,19.5,12
2014,Manhattan,2,13,51,67.5,5.9,0,0,0,0,78.1,2476,77.4,2240,70,7.4,805,1786,45.1,719,1754,41,205,6.4,559,36.6726297,489,160,32.7,661,998,66.2,1203,37.6,1157,36.2,1.4,422,13.2,453,14.2,0.93,503,1.6,195,6.1,265,8.3,772,24.1,16
2014,Massachusetts,2,6,23,76.4,9.5,0,0,0,0,75,2435,76.1,2264,70.8,5.3,872,1895,46,813,1929,42.1,174,5.4,501,34.73053892,521,163,31.3,517,758,68.2,1234,38.6,1136,35.5,3.1,486,15.2,433,13.5,1.12,398,0,177,5.5,218,6.8,628,19.6,16
2014,Memphis,3,8,31,74.4,8.7,741,0,334,0,71.9,2483,77.6,2253,70.4,7.2,907,1895,47.9,833,1919,43.4,173,5.4,517,33.4622824,562,173,30.8,496,764,64.9,1204,37.6,1119,35,2.7,556,17.4,431,13.5,1.29,433,0.8,152,4.8,279,8.7,578,18.1,13
2014,Mercer,3,14,56,62.3,4.1,0,0,0,0,76.5,2695,79.3,2256,66.4,12.9,933,1963,47.5,763,1906,40,277,8.1,721,38.41886269,720,215,29.9,552,754,73.2,1292,38,1114,32.8,5.2,559,16.4,406,11.9,1.38,319,-0.5,143,4.2,205,6,629,18.5,14
2014,Michigan,5,2,6,81.8,12.2,1120,1162,548,563,75.8,2455,74.4,2157,65.4,9,845,1776,47.6,803,1805,44.5,280,8.5,711,39.38115331,580,186,32.1,485,637,76.1,1049,31.8,1024,31,0.8,469,14.2,310,9.4,1.51,416,0.8,83,2.5,169,5.1,480,14.5,6
2014,Michigan St.,5,4,14,85.1,14.2,1543,950,749,394,76.5,2582,75.9,2221,65.3,10.6,927,1953,47.5,738,1844,40,274,8.1,700,39.14285714,683,227,33.2,454,655,69.3,1260,37.1,1087,32,5.1,578,17,389,11.4,1.49,478,1.9,164,4.8,236,6.9,642,18.9,7
2014,Milwaukee,2,15,60,53,1,0,0,0,0,61.8,2412,70.9,2396,70.5,0.5,790,1825,43.3,841,1929,43.6,239,7,730,32.73972603,634,200,31.5,593,808,73.4,1145,33.7,1195,35.1,-1.5,463,13.6,457,13.4,1.01,401,0.4,83,2.4,196,5.8,616,18.1,14
2014,Mt. St. Mary's,1,16,65,40.1,-3.2,0,0,0,0,50,2440,76.3,2495,78,-1.7,821,1863,44.1,933,1892,49.3,284,8.9,797,35.6336261,455,153,33.6,514,694,74.1,1030,32.2,1165,36.4,-4.2,376,11.8,384,12,0.98,341,-1,98,3.1,229,7.2,600,18.8,11
2014,N.C. Central,2,14,58,62,4,0,0,0,0,84.8,2438,73.9,1930,58.5,15.4,817,1767,46.2,623,1671,37.3,179,5.4,529,33.83742911,601,177,29.5,625,860,72.7,1173,35.5,1046,31.7,3.8,486,14.7,383,11.6,1.27,398,0.7,132,4,259,7.8,647,19.6,25
2014,Nebraska,2,11,42,70,6.9,0,0,0,0,61.3,2077,67,2011,64.9,2.1,696,1630,42.7,679,1616,42,184,5.9,543,33.88581952,577,184,31.9,501,697,71.9,1034,33.4,1084,35,-1.6,297,9.6,338,10.9,0.88,341,0.3,92,3,213,6.9,629,20.3,16
2014,New Mexico,2,7,28,79.5,11,213,623,153,314,81.8,2463,74.6,2190,66.4,8.3,828,1799,46,757,1946,38.9,193,5.8,572,33.74125874,684,235,34.4,614,845,72.7,1259,38.2,1081,32.8,5.4,510,15.5,350,10.6,1.46,386,-1.7,170,5.2,160,4.8,559,16.9,9
2014,New Mexico St.,2,13,53,66.1,5.4,0,0,0,0,74.3,2702,77.2,2342,66.9,10.3,910,1853,49.1,840,2094,40.1,189,5.4,507,37.27810651,475,156,32.8,693,1007,68.8,1305,37.3,1130,32.3,5,461,13.2,444,12.7,1.04,390,-1.8,220,6.3,165,4.7,592,16.9,13
2014,North Carolina,3,6,21,79.4,10.9,954,424,494,239,71.9,2442,76.3,2210,69.1,7.3,887,1916,46.3,753,1830,41.1,134,4.2,399,33.5839599,623,195,31.3,534,854,62.5,1272,39.8,1116,34.9,4.9,498,15.6,385,12,1.29,392,1.1,153,4.8,234,7.3,650,20.3,21
2014,North Carolina St.,2,12,47,70.2,7,0,0,0,0,61.8,2407,70.8,2362,69.5,1.3,893,1947,45.9,797,1878,42.4,152,4.5,502,30.27888446,579,185,32,469,709,66.1,1167,34.3,1194,35.1,-0.8,440,12.9,354,10.4,1.24,483,3.5,135,4,162,4.8,636,18.7,11
2014,North Dakota St.,3,12,48,69,6.5,0,0,0,0,80.6,2368,76.4,2026,65.4,11,846,1661,50.9,678,1594,42.5,168,5.4,458,36.68122271,554,203,36.6,508,680,74.7,1016,32.8,872,28.1,4.6,365,11.8,304,9.8,1.2,350,-4.2,137,4.4,200,6.5,551,17.8,13
2014,Ohio St.,2,6,22,82.8,12.7,1036,167,533,91,73.5,2373,69.8,2032,59.8,10,819,1825,44.9,739,1824,40.5,197,5.8,605,32.56198347,578,170,29.4,538,781,68.9,1159,34.1,1149,33.8,0.3,409,12,380,11.2,1.08,411,1.4,153,4.5,260,7.6,561,16.5,8
2014,Oklahoma,2,5,20,79.2,10.8,0,265,0,127,71.9,2629,82.2,2428,75.9,6.3,884,1962,45.1,837,1925,43.5,273,8.5,722,37.81163435,676,230,34,588,784,75,1205,37.7,1160,36.3,1.4,469,14.7,366,11.4,1.28,469,3.8,105,3.3,219,6.8,609,19,9
2014,Oklahoma St.,2,9,35,81.8,12.2,1093,0,462,0,63.6,2651,80.3,2280,69.1,11.2,872,1876,46.5,776,1907,40.7,236,7.2,641,36.8174727,627,202,32.2,671,927,72.4,1163,35.2,1225,37.1,-1.9,450,13.6,344,10.4,1.31,421,-0.6,158,4.8,250,7.6,647,19.6,19
2014,Oregon,3,7,27,81.6,12.1,408,0,175,0,71.9,2619,81.8,2368,74,7.8,877,1874,46.8,789,1786,44.2,249,7.8,635,39.21259843,564,182,32.3,616,804,76.6,1097,34.3,1057,33,1.3,462,14.4,373,11.7,1.24,326,-3.1,108,3.4,254,7.9,680,21.3,9
2014,Pittsburgh,3,9,36,83.4,13.1,0,0,0,0,73.5,2464,72.5,2120,62.4,10.1,845,1832,46.1,731,1772,41.3,175,5.1,491,35.64154786,592,196,33.1,599,843,71.1,1227,36.1,1012,29.8,6.3,531,15.6,359,10.6,1.48,356,-0.3,102,3,238,7,595,17.5,9
2014,Providence,2,11,43,73.4,8.2,0,0,0,0,67.6,2489,73.2,2364,69.5,3.7,821,1931,42.5,860,1946,44.2,214,6.3,612,34.96732026,559,184,32.9,633,810,78.1,1252,36.8,1122,33,3.8,464,13.6,396,11.6,1.17,371,-0.7,165,4.9,190,5.6,589,17.3,23
2014,Saint Joseph's,2,10,38,72.6,7.9,0,0,0,0,72.7,2352,71.3,2209,66.9,4.3,813,1735,46.9,795,1900,41.8,243,7.4,639,38.02816901,652,220,33.7,483,753,64.1,1185,35.9,1089,33,2.9,464,14.1,407,12.3,1.14,454,1.6,152,4.6,148,4.5,522,15.8,11
2014,Saint Louis,3,5,18,77.9,10.2,0,131,0,107,81.3,2240,70,1959,61.2,8.8,777,1752,44.3,705,1766,39.9,181,5.7,568,31.86619718,455,129,28.4,505,713,70.8,1160,36.3,1102,34.4,1.8,456,14.3,404,12.6,1.13,360,-0.4,134,4.2,237,7.4,552,17.3,11
2014,San Diego,4,4,16,54.6,1.5,0,890,0,482,50,2138,66.8,2071,64.7,2.1,738,1658,44.5,726,1705,42.6,205,6.4,547,37.47714808,578,193,33.4,457,661,69.1,1062,33.2,1049,32.8,0.4,357,11.2,378,11.8,0.94,464,4.1,123,3.8,186,5.8,592,18.5,7
2014,Stanford,4,10,37,76.1,9.4,0,0,0,0,63.6,2426,73.5,2265,68.6,4.9,834,1796,46.4,778,1838,42.3,195,5.9,526,37.07224335,620,220,35.5,563,801,70.3,1150,34.8,1086,32.9,1.9,389,11.8,371,11.2,1.05,541,5.2,140,4.2,168,5.1,596,18.1,17
2014,Stephen F. Austin,3,12,50,67.1,5.8,0,0,0,0,93.9,2524,76.5,2067,62.6,13.8,875,1884,46.4,687,1525,45,235,7.1,675,34.81481481,396,136,34.3,539,761,70.8,1115,33.8,959,29.1,4.7,547,16.6,368,11.2,1.49,377,-0.2,101,3.1,250,7.6,691,20.9,7
2014,Syracuse,3,3,10,84,13.4,1093,757,551,399,84.4,2181,68.2,1904,59.5,8.7,770,1762,43.7,649,1574,41.2,160,5,478,33.47280335,642,222,34.6,481,684,70.3,1128,35.3,1012,31.6,3.6,382,11.9,285,8.9,1.34,387,0.8,158,4.9,257,8,509,15.9,9
2014,Tennessee,4,11,44,80,11.3,0,0,0,0,63.6,2354,71.3,2015,61.1,10.3,816,1826,44.7,720,1765,40.8,189,5.7,563,33.57015986,487,166,34.1,533,751,71,1281,38.8,1000,30.3,8.5,417,12.6,354,10.7,1.18,335,-1.2,160,4.8,173,5.2,563,17.1,11
2014,Texas,3,7,25,73,8.1,0,0,0,0,69.7,2446,74.1,2311,70,4.1,851,1975,43.1,768,1929,39.8,169,5.1,521,32.43761996,692,237,34.2,575,866,66.4,1378,41.8,1141,34.6,7.2,421,12.8,408,12.4,1.03,424,2,198,6,190,5.8,629,19.1,10
2014,Texas Southern,1,16,67,36.7,-4.4,0,0,0,0,57.6,2515,76.2,2431,73.7,2.5,833,1804,46.2,907,2024,44.8,213,6.5,590,36.10169492,601,216,35.9,636,888,71.6,1219,36.9,1113,33.7,3.2,464,14.1,441,13.4,1.05,381,-1.4,123,3.7,152,4.6,538,16.3,24
2014,Tulsa,2,13,52,64.4,4.8,0,0,0,0,63.6,2412,73.1,2223,67.4,5.7,814,1842,44.2,712,1767,40.3,190,5.8,584,32.53424658,604,213,35.3,594,880,67.5,1198,36.3,1178,35.7,0.6,413,12.5,378,11.5,1.09,345,-1.9,125,3.8,230,7,707,21.4,23
2014,UCLA,4,4,15,83.2,13,244,413,121,101,76.5,2782,81.8,2406,70.8,11.1,988,2016,49,828,1931,42.9,217,6.4,555,39.0990991,807,279,34.6,589,786,74.9,1212,35.6,1136,33.4,2.2,585,17.2,358,10.5,1.63,439,1.2,99,2.9,319,9.4,603,17.7,13
2014,UConn,8,7,26,82.3,12.5,448,503,167,215,76.5,2443,71.9,2146,63.1,8.7,829,1849,44.8,746,1926,38.7,242,7.1,625,38.72,608,200,32.9,543,714,76.1,1203,35.4,1187,34.9,0.5,428,12.6,397,11.7,1.08,462,0.4,211,6.2,237,7,621,18.3,13
2014,VCU,2,5,19,82.3,12.5,680,140,258,63,76.5,2549,75,2205,64.9,10.1,892,2131,41.9,781,1818,43,252,7.4,723,34.85477178,545,164,30.1,513,761,67.4,1288,37.9,1249,36.7,1.1,446,13.1,417,12.3,1.07,408,0.8,145,4.3,380,11.2,665,19.6,5
2014,Villanova,3,2,5,85,14.1,0,1231,0,604,87.5,2513,78.5,2131,66.6,11.9,824,1794,45.9,722,1771,40.8,289,9,801,36.07990012,579,205,35.4,576,808,71.3,1187,37.1,1064,33.3,3.8,500,15.6,379,11.8,1.32,389,1.2,129,4,222,6.9,631,19.7,14
2014,Virginia,4,1,4,86.9,15.3,189,1430,103,696,82.4,2242,65.9,1880,55.3,10.6,784,1733,45.2,661,1719,38.5,187,5.5,513,36.45224172,583,186,31.9,487,734,66.3,1209,35.6,997,29.3,6.2,445,13.1,347,10.2,1.28,260,-4.3,135,4,181,5.3,546,16.1,1
2014,Weber St.,2,16,64,51.8,0.6,0,0,0,0,63.3,2195,73.2,1993,66.4,6.7,716,1488,48.1,727,1716,42.4,215,7.2,549,39.16211293,389,127,32.6,548,744,73.7,1033,34.4,932,31.1,3.4,400,13.3,372,12.4,1.08,413,3.2,120,4,123,4.1,541,18,7
2014,Western Mich.,2,14,55,57.3,2.4,0,0,0,0,71.9,2320,72.5,2158,67.4,5.1,762,1635,46.6,745,1826,40.8,191,6,575,33.2173913,711,218,30.7,605,836,72.4,1118,34.9,1042,32.6,2.4,364,11.4,451,14.1,0.81,419,1.9,110,3.4,190,5.9,586,18.3,6
2014,Wichita St.,3,1,3,88.2,16.3,512,1571,233,774,100,2566,75.5,2026,59.6,15.9,846,1842,45.9,707,1803,39.2,234,6.9,672,34.82142857,638,198,31,640,877,73,1313,38.6,1048,30.8,7.8,460,13.5,353,10.4,1.3,330,0,175,5.1,237,7,573,16.9,3
2014,Wisconsin,6,2,8,85.8,14.6,338,892,148,387,78.8,2427,73.5,2131,64.6,9,799,1745,45.8,810,1875,43.2,256,7.8,686,37.31778426,475,163,34.3,573,770,74.4,1095,33.2,1058,32.1,1.1,400,12.1,266,8.1,1.5,413,2.2,116,3.5,165,5,493,14.9,4
2014,Wofford,2,15,61,49,-0.3,0,0,0,0,62.5,2165,67.7,1997,62.4,5.3,790,1751,45.1,705,1596,44.2,195,6.1,525,37.14285714,461,146,31.7,390,588,66.3,1064,33.3,1015,31.7,1.5,413,12.9,342,10.7,1.21,547,2.7,54,1.7,202,6.3,564,17.6,7
2014,Xavier,1,12,46,71.9,7.6,0,0,0,0,63.6,2383,72.2,2242,67.9,4.3,846,1795,47.1,768,1798,42.7,172,5.2,486,35.3909465,647,229,35.4,519,754,68.8,1182,35.8,1040,31.5,4.3,490,14.8,408,12.4,1.2,349,-0.6,97,2.9,193,5.8,657,19.9,12
2015,Albany (NY),2,14,58,56.5,2.1,0,0,0,0,75,2096,65.5,1927,60.2,5.3,706,1605,44,672,1600,42,197,6.2,547,36.01462523,666,243,36.5,487,640,76.1,1076,33.6,924,28.9,4.8,334,10.4,374,11.7,0.89,399,0.8,52,1.6,181,5.7,528,16.5,9
2015,Arizona,5,2,6,90.9,18.2,1518,1405,746,689,91.2,2599,76.4,1993,58.6,17.8,908,1855,48.9,686,1752,39.2,172,5.1,478,35.9832636,551,181,32.8,611,874,69.9,1266,37.2,968,28.5,8.8,483,14.2,381,11.2,1.27,481,2.9,122,3.6,244,7.2,609,17.9,11
2015,Arkansas,3,5,18,78.9,10.4,0,373,0,213,76.5,2653,78,2385,70.1,7.9,932,2083,44.7,824,1914,43.1,227,6.7,648,35.0308642,600,212,35.3,562,776,72.4,1216,35.8,1202,35.4,0.4,549,16.1,399,11.7,1.38,543,4.2,162,4.8,264,7.8,645,19,9
2015,Baylor,2,3,10,80.1,11,0,680,0,291,72.7,2293,69.5,1991,60.3,9.2,794,1831,43.4,716,1782,40.2,229,6.9,607,37.72652389,637,191,30,476,710,67,1293,39.2,1030,31.2,8,483,14.6,413,12.5,1.17,404,-0.3,131,4,259,7.8,552,16.7,10
2015,Belmont,2,15,60,54.5,1.4,0,0,0,0,68.8,2383,74.5,2251,70.3,4.1,831,1746,47.6,828,1832,45.2,321,10,841,38.16884661,675,232,34.4,400,579,69.1,1064,33.3,1045,32.7,0.6,492,15.4,439,13.7,1.12,411,-0.9,64,2,205,6.4,527,16.5,1
2015,Boise St.,1,11,45,71,7.1,0,0,0,0,75.8,2335,70.8,1989,60.3,10.5,809,1768,45.8,710,1712,41.5,291,8.8,738,39.43089431,611,188,30.8,426,581,73.3,1086,32.9,1005,30.5,2.5,399,12.1,339,10.3,1.18,419,2.4,78,2.4,201,6.1,564,17.1,10
2015,Buffalo,2,12,48,70.2,6.8,0,0,0,0,71.9,2400,75,2185,68.3,6.7,817,1878,43.5,773,1831,42.2,193,6,567,34.03880071,697,230,33,573,794,72.2,1230,38.4,1132,35.4,3.1,421,13.2,361,11.3,1.17,436,2.3,129,4,244,7.6,589,18.4,14
2015,Butler,3,6,23,79.5,10.7,0,142,0,79,68.8,2226,69.6,1958,61.2,8.4,777,1771,43.9,701,1684,41.6,184,5.8,514,35.79766537,571,175,30.6,488,718,68,1175,36.7,968,30.3,6.5,368,11.5,364,11.4,1.01,403,1.2,94,2.9,204,6.4,564,17.6,10
2015,BYU,1,11,44,76.1,9.2,0,0,0,0,71.4,2931,83.7,2561,73.2,10.6,976,2090,46.7,894,2052,43.6,300,8.6,763,39.31847969,666,218,32.7,679,886,76.6,1349,38.5,1185,33.9,4.7,594,17,417,11.9,1.42,456,1.1,103,2.9,257,7.3,721,20.6,13
2015,Cincinnati,3,8,29,72.6,7.7,0,0,0,0,68.8,1996,62.4,1769,55.3,7.1,716,1581,45.3,654,1678,39,161,5,483,33.33333333,560,184,32.9,403,598,67.4,1095,34.2,936,29.3,5,380,11.9,409,12.8,0.93,390,-0.6,174,5.4,210,6.6,469,14.7,4
2015,Coastal Caro.,2,16,64,57,2.2,0,0,0,0,72.7,2366,71.7,2035,61.7,10,808,1841,43.9,691,1766,39.1,221,6.7,621,35.58776167,718,231,32.2,529,769,68.8,1311,39.7,1027,31.1,8.6,376,11.4,393,11.9,0.96,394,0,110,3.3,232,7,545,16.5,12
2015,Davidson,2,10,38,74.4,8.5,0,0,0,0,77.4,2477,79.9,2138,69,10.9,877,1861,47.1,779,1769,44,337,10.9,849,39.69375736,582,175,30.1,386,543,71.1,1114,35.9,1086,35,0.9,534,17.2,297,9.6,1.8,365,2.2,89,2.9,170,5.5,586,18.9,13
2015,Dayton,3,11,46,76.5,9.4,0,0,0,0,75.8,2251,68.2,2010,60.9,7.3,750,1620,46.3,731,1738,42.1,213,6.5,605,35.20661157,571,181,31.7,538,789,68.2,1041,31.5,1077,32.6,-1.1,456,13.8,379,11.5,1.2,449,2.1,84,2.5,230,7,525,15.9,10
2015,Duke,8,1,3,89.5,16.9,1415,1406,715,675,87.9,2660,80.6,2164,65.6,15,944,1880,50.2,829,1931,42.9,250,7.6,648,38.58024691,534,171,32,522,755,69.1,1232,37.3,1027,31.1,6.2,512,15.5,371,11.2,1.38,415,1.3,124,3.8,237,7.2,528,16,7
2015,Eastern Wash.,2,13,53,55.7,1.8,0,0,0,0,76.5,2746,80.8,2504,73.6,7.1,951,1981,48,876,1953,44.9,335,9.9,832,40.26442308,697,268,38.5,509,704,72.3,1155,34,1149,33.8,0.2,448,13.2,367,10.8,1.22,417,1.5,165,4.9,216,6.4,603,17.7,9
2015,Georgetown,3,4,16,78.9,10.4,0,177,0,69,67.7,2192,70.7,2004,64.6,6.1,750,1650,45.5,650,1614,40.3,181,5.8,521,34.74088292,566,203,35.9,511,728,70.2,1089,35.1,1003,32.4,2.8,408,13.2,392,12.6,1.04,420,0.9,152,4.9,240,7.7,626,20.2,14
2015,Georgia,2,10,40,76.4,9.3,0,0,0,0,65.6,2187,68.3,2054,64.2,4.2,728,1673,43.5,707,1826,38.7,180,5.6,524,34.35114504,647,200,30.9,551,800,68.9,1217,38,1082,33.8,4.2,403,12.6,408,12.8,0.99,355,-1.7,149,4.7,179,5.6,589,18.4,14
2015,Georgia St.,3,14,55,65.8,5.2,0,0,0,0,72.7,2375,72,2053,62.2,9.8,854,1778,48,667,1749,38.1,163,4.9,492,33.1300813,735,237,32.2,504,693,72.7,1082,32.8,1102,33.4,-0.6,450,13.6,352,10.7,1.28,500,4.5,139,4.2,300,9.1,607,18.4,12
2015,Gonzaga,5,2,7,89.1,16.6,840,1229,423,597,94.1,2690,79.1,2071,60.9,18.2,973,1856,52.4,737,1917,38.4,242,7.1,593,40.80944351,589,191,32.4,502,725,69.2,1286,37.8,1041,30.6,7.2,561,16.5,359,10.6,1.56,394,1,114,3.4,211,6.2,580,17.1,6
2015,Hampton,2,16,68,35.9,-4.6,0,0,0,0,50,2290,67.4,2308,67.9,-0.5,779,1900,41,767,1863,41.2,190,5.6,622,30.54662379,571,194,34,542,836,64.8,1261,37.1,1234,36.3,0.8,370,10.9,483,14.2,0.77,478,-0.1,138,4.1,226,6.6,730,21.5,16
2015,Harvard,2,13,52,65.8,5.2,98,0,0,0,75.9,1861,64.2,1660,57.2,6.9,650,1493,43.5,587,1471,39.9,141,4.9,399,35.33834586,486,159,32.7,420,589,71.3,999,34.4,891,30.7,3.7,375,12.9,342,11.8,1.1,368,0.9,133,4.6,204,7,456,15.7,6
2015,Indiana,2,10,37,72.5,7.7,0,0,0,0,60.6,2557,77.5,2357,71.4,6.1,899,1930,46.6,875,1925,45.5,308,9.3,764,40.31413613,591,194,32.8,451,631,71.5,1187,36,1083,32.8,3.2,463,14,379,11.5,1.22,357,-0.7,105,3.2,167,5.1,580,17.6,8
2015,Iowa,3,7,27,74.9,8.6,0,0,56,0,65.6,2221,69.4,1980,61.9,7.5,758,1776,42.7,701,1788,39.2,181,5.7,545,33.21100917,652,211,32.4,524,703,74.5,1206,37.7,1072,33.5,4.2,460,14.4,361,11.3,1.27,400,1.2,150,4.7,211,6.6,508,15.9,5
2015,Iowa St.,2,3,9,81.8,11.9,781,1043,323,504,75.8,2586,78.4,2286,69.3,9.1,916,1908,48,842,2012,41.8,257,7.8,703,36.55761024,697,245,35.2,497,714,69.6,1184,35.9,1144,34.7,1.2,534,16.2,364,11,1.47,427,1.9,124,3.8,209,6.3,512,15.5,6
2015,Kansas,3,2,8,85.3,13.9,1346,995,654,482,76.5,2421,71.2,2199,64.7,6.5,822,1869,44,780,1977,39.5,198,5.8,528,37.5,631,195,30.9,579,804,72,1290,37.9,1166,34.3,3.6,451,13.3,435,12.8,1.04,398,-1.1,171,5,222,6.5,599,17.6,8
2015,Kentucky,6,1,1,94.5,22.4,1604,1625,785,800,100,2547,74.9,1835,54,20.9,883,1884,46.9,651,1836,35.5,185,5.4,529,34.97164461,570,156,27.4,596,825,72.2,1298,38.2,1045,30.7,7.4,500,14.7,361,10.6,1.39,478,3.4,234,6.9,223,6.6,579,17,11
2015,Lafayette,2,16,63,47.7,-0.7,0,0,0,0,62.5,2374,74.2,2316,72.4,1.8,851,1744,48.8,850,1864,45.6,257,8,622,41.31832797,698,263,37.7,415,542,76.6,992,31,1057,33,-2,499,15.6,351,11,1.42,354,0.1,82,2.6,179,5.6,504,15.8,4
2015,Louisville,5,4,15,82.9,12.5,1114,614,507,292,75,2215,69.2,1905,59.5,9.7,783,1827,42.9,676,1740,38.9,181,5.7,595,30.42016807,547,160,29.3,468,709,66,1221,38.2,1125,35.2,3,374,11.7,378,11.8,0.99,463,2.7,176,5.5,266,8.3,567,17.7,11
2015,LSU,2,9,35,73.5,8.1,0,0,0,0,68.8,2358,73.7,2167,67.7,6,868,1902,45.6,796,1986,40.1,184,5.8,543,33.88581952,575,180,31.3,438,636,68.9,1253,39.2,1180,36.9,2.3,502,15.7,468,14.6,1.07,439,-0.9,198,6.2,235,7.3,506,15.8,13
2015,Manhattan,1,16,67,49.8,0,0,0,0,0,57.6,2300,69.7,2234,67.7,2,756,1748,43.2,736,1683,43.7,215,6.5,640,33.59375,457,148,32.4,573,829,69.1,1065,32.3,1128,34.2,-1.9,460,13.9,481,14.6,0.96,545,1.9,92,2.8,264,8,758,23,25
2015,Maryland,3,4,14,76.9,9.5,0,935,0,470,81.8,2293,69.5,2087,63.2,6.2,741,1693,43.8,756,1910,39.6,241,7.3,647,37.2488408,713,223,31.3,570,753,75.7,1157,35.1,1107,33.5,1.5,360,10.9,397,12,0.91,372,-0.8,139,4.2,160,4.8,546,16.5,5
2015,Michigan St.,6,7,25,81.4,11.7,521,159,241,93,67.6,2444,71.9,2156,63.4,8.5,901,1912,47.1,728,1821,40,256,7.5,663,38.61236802,643,208,32.3,386,610,63.3,1281,37.7,1050,30.9,6.8,582,17.1,395,11.6,1.47,376,-0.6,155,4.6,181,5.3,631,18.6,14
2015,Mississippi St.,2,11,43,74.1,8.3,0,0,0,0,40.6,1977,61.8,2032,63.5,-1.7,669,1557,43,713,1713,41.6,133,4.2,434,30.64516129,641,210,32.8,506,727,69.6,1099,34.3,1017,31.8,2.6,278,8.7,474,14.8,0.59,388,-2.7,90,2.8,205,6.4,606,18.9,10
2015,New Mexico St.,2,15,59,61.4,3.7,0,0,0,0,69.7,2260,68.5,1958,59.3,9.2,788,1692,46.6,727,1725,42.1,160,4.8,435,36.7816092,409,120,29.3,524,755,69.4,1170,35.5,947,28.7,6.8,398,12.1,459,13.9,0.87,434,-0.8,121,3.7,209,6.3,526,15.9,12
2015,North Carolina,4,4,13,83.7,12.9,1274,703,598,347,68.6,2727,77.9,2394,68.4,9.5,1019,2144,47.5,818,2056,39.8,167,4.8,484,34.50413223,763,227,29.8,522,746,70,1436,41,1150,32.9,8.2,621,17.7,444,12.7,1.4,435,-0.3,154,4.4,233,6.7,675,19.3,11
2015,North Carolina St.,4,8,31,75,8.7,0,0,0,0,60.6,2323,70.4,2159,65.4,5,820,1875,43.7,757,1877,40.3,219,6.6,607,36.07907743,588,195,33.2,464,679,68.3,1249,37.8,1140,34.5,3.3,383,11.6,347,10.5,1.1,331,-0.5,175,5.3,131,4,582,17.6,12
2015,North Dakota St.,2,15,62,51,0.3,0,0,0,0,71.9,2065,64.5,1969,61.5,3,714,1659,43,697,1668,41.8,220,6.9,579,37.99654577,556,206,37.1,417,602,69.3,1074,33.6,1008,31.5,2.1,310,9.7,312,9.8,0.99,338,0.8,120,3.8,153,4.8,482,15.1,13
2015,North Florida,1,16,65,55,1.6,0,0,0,0,67.6,2574,75.7,2304,67.8,7.9,872,1858,46.9,851,1971,43.2,308,9.1,788,39.08629442,549,172,31.3,522,721,72.4,1178,34.6,1156,34,0.6,491,14.4,417,12.3,1.18,420,0.1,142,4.2,213,6.3,545,16,13
2015,Northeastern,2,14,56,58.3,2.6,0,0,0,0,67.6,2332,68.6,2210,65,3.6,811,1670,48.6,848,1905,44.5,200,5.9,515,38.83495146,555,191,34.4,510,703,72.5,1127,33.1,963,28.3,4.8,485,14.3,467,13.7,1.04,342,-3.7,129,3.8,181,5.3,484,14.2,9
2015,Notre Dame,5,3,12,84.6,13.5,0,1178,0,587,85.3,2680,78.8,2232,65.6,13.2,945,1853,51,847,1984,42.7,281,8.3,716,39.24581006,647,213,32.9,509,688,74,1114,32.8,1109,32.6,0.1,514,15.1,319,9.4,1.61,384,1.9,121,3.6,234,6.9,483,14.2,7
2015,Ohio St.,3,10,39,81.4,11.7,340,0,223,0,69.7,2502,75.8,2057,62.3,13.5,916,1886,48.6,743,1833,40.5,225,6.8,605,37.19008264,694,221,31.8,445,656,67.8,1183,35.8,1088,33,2.9,509,15.4,373,11.3,1.36,484,3.4,168,5.1,257,7.8,529,16,5
2015,Oklahoma,4,3,11,83.1,12.6,426,740,237,336,68.8,2302,71.9,2008,62.8,9.2,818,1874,43.6,727,1888,38.5,216,6.8,629,34.34022258,637,197,30.9,450,612,73.5,1219,38.1,1184,37,1.1,400,12.5,388,12.1,1.03,443,1.7,161,5,221,6.9,525,16.4,3
2015,Oklahoma St.,2,9,34,71.8,7.4,0,0,0,0,58.1,2087,67.3,1932,62.3,5,706,1607,43.9,646,1620,39.9,216,7,618,34.95145631,519,176,33.9,459,632,72.6,1008,32.5,1071,34.5,-2,355,11.5,380,12.3,0.93,426,1.5,156,5,245,7.9,597,19.3,10
2015,Oregon,3,8,30,73.3,8,0,0,0,66,73.5,2569,75.6,2405,70.7,4.8,937,2031,46.1,853,2025,42.1,248,7.3,688,36.04651163,652,215,33,447,587,76.1,1236,36.4,1189,35,1.4,484,14.2,401,11.8,1.21,395,-0.2,147,4.3,195,5.7,623,18.3,14
2015,Providence,2,6,22,75,8.7,0,0,0,0,66.7,2317,70.2,2161,65.5,4.7,808,1830,44.2,742,1762,42.1,161,4.9,520,30.96153846,631,210,33.3,540,761,71,1189,36,1061,32.2,3.9,465,14.1,391,11.8,1.19,430,1.2,154,4.7,238,7.2,607,18.4,8
2015,Purdue,2,9,36,74.1,8.3,0,0,0,0,63.6,2308,69.9,2129,64.5,5.4,801,1768,45.3,724,1807,40.1,191,5.8,571,33.45008757,560,196,35,515,752,68.5,1198,36.3,1049,31.8,4.5,492,14.9,432,13.1,1.14,385,-1.4,176,5.3,180,5.5,624,18.9,15
2015,Robert Morris,2,16,66,47.5,-0.8,0,0,0,0,57.6,2277,69,2235,67.7,1.3,802,1798,44.6,778,1835,42.4,211,6.4,555,38.01801802,664,222,33.4,462,647,71.4,1103,33.4,1180,35.8,-2.3,404,12.2,454,13.8,0.89,482,0.8,97,2.9,282,8.5,612,18.5,10
2015,San Diego St.,3,8,32,72.3,7.6,560,0,251,0,76.5,2101,61.8,1807,53.1,8.6,756,1805,41.9,659,1750,37.7,178,5.2,556,32.01438849,567,172,30.3,411,653,62.9,1197,35.2,1087,32,3.2,360,10.6,386,11.4,0.93,451,1.9,171,5,236,6.9,486,14.3,4
2015,SMU,2,6,21,78.6,10.3,285,485,149,216,81.8,2291,69.4,1972,59.8,9.7,812,1695,47.9,671,1768,38,138,4.2,384,35.9375,803,258,32.1,529,750,70.5,1211,36.7,982,29.8,6.9,512,15.5,417,12.6,1.23,423,0.2,142,4.3,226,6.8,537,16.3,7
2015,St. John's (NY),2,9,33,70.9,7,0,0,0,0,65.6,2279,71.2,2164,67.6,3.6,808,1831,44.1,768,1895,40.5,195,6.1,552,35.32608696,675,221,32.7,468,676,69.2,1133,35.4,1252,39.1,-3.7,402,12.6,342,10.7,1.18,423,2.5,208,6.5,239,7.5,566,17.7,21
2015,Stephen F. Austin,2,12,50,71.1,7.1,0,0,0,0,87.9,2622,79.5,2129,64.5,14.9,894,1819,49.1,712,1627,43.8,257,7.8,666,38.58858859,451,150,33.3,577,786,73.4,1147,34.8,968,29.3,5.4,587,17.8,465,14.1,1.26,570,3.2,119,3.6,252,7.6,716,21.7,8
2015,Texas,2,11,41,77.5,9.8,1061,0,479,0,60.6,2242,67.9,1993,60.4,7.5,779,1787,43.6,686,1862,36.8,206,6.2,607,33.93739703,575,200,34.8,478,659,72.5,1310,39.7,1035,31.4,8.3,435,13.2,420,12.7,1.04,298,-3.7,260,7.9,124,3.8,533,16.2,7
2015,Texas Southern,2,15,61,45.1,-1.6,0,0,0,0,64.7,2318,68.2,2293,67.4,0.7,794,1789,44.4,850,1930,44,180,5.3,562,32.02846975,550,188,34.2,550,831,66.2,1174,34.5,1159,34.1,0.4,370,10.9,445,13.1,0.83,419,-0.8,106,3.1,209,6.1,590,17.4,9
2015,UAB,3,14,57,55.9,1.9,0,0,0,0,55.9,2341,68.9,2301,67.7,1.2,820,1907,43,824,1960,42,187,5.5,563,33.21492007,635,206,32.4,514,694,74.1,1244,36.6,1191,35,1.6,490,14.4,461,13.6,1.06,452,-0.3,176,5.2,225,6.6,599,17.6,8
2015,UC Irvine,2,13,54,62.1,3.9,0,0,0,0,63.6,2240,67.9,2056,62.3,5.6,830,1799,46.1,716,1823,39.3,212,6.4,544,38.97058824,527,179,34,368,539,68.3,1169,35.4,1119,33.9,1.5,470,14.2,382,11.6,1.23,375,-0.2,166,5,189,5.7,568,17.2,6
2015,UCLA,4,11,42,73.5,8.1,0,0,0,0,60.6,2376,72,2245,68,4,849,1927,44.1,779,1866,41.7,205,6.2,564,36.34751773,729,259,35.5,473,700,67.6,1253,38,1124,34.1,3.9,459,13.9,392,11.9,1.17,416,0.7,123,3.7,226,6.8,590,17.9,15
2015,UNI,3,5,20,82.9,12.5,0,979,0,509,90.9,2157,65.4,1792,54.3,11.1,735,1522,48.3,641,1639,39.1,242,7.3,608,39.80263158,625,197,31.5,445,613,72.6,1017,30.8,939,28.5,2.4,394,11.9,346,10.5,1.14,372,0.8,82,2.5,196,5.9,474,14.4,4
2015,Utah,4,5,17,83.8,13,98,455,0,232,75,2307,72.1,1822,56.9,15.2,788,1624,48.5,643,1681,38.3,247,7.7,611,40.42553191,477,152,31.9,484,692,69.9,1117,34.9,953,29.8,5.1,458,14.3,366,11.4,1.25,373,0.2,161,5,190,5.9,534,16.7,6
2015,Valparaiso,2,13,51,67.3,5.7,0,0,0,0,84.8,2304,69.8,1956,59.3,10.5,817,1780,45.9,670,1762,38,224,6.8,593,37.77403035,667,219,32.8,446,658,67.8,1245,37.7,1006,30.5,7.2,431,13.1,413,12.5,1.04,376,-1.4,157,4.8,198,6,544,16.5,9
2015,VCU,2,7,28,78.1,10,574,109,259,0,74.3,2537,72.5,2293,65.5,7,872,2076,42,794,1835,43.3,283,8.1,828,34.17874396,649,223,34.4,510,778,65.6,1240,35.4,1287,36.8,-1.3,442,12.6,373,10.7,1.18,409,0.4,151,4.3,338,9.7,673,19.2,9
2015,Villanova,3,1,2,89.6,17,885,1522,439,747,94.1,2593,76.3,2070,60.9,15.4,861,1833,47,752,1856,40.5,306,9,787,38.88182973,603,186,30.8,565,777,72.7,1170,34.4,1093,32.1,2.3,541,15.9,369,10.9,1.47,341,1.2,137,4,265,7.8,564,16.6,7
2015,Virginia,3,2,5,90,17.4,1090,1333,519,646,90.6,2091,65.3,1622,50.7,14.7,761,1644,46.3,578,1600,36.1,162,5.1,449,36.08017817,584,177,30.3,407,563,72.3,1158,36.2,908,28.4,7.8,413,12.9,304,9.5,1.36,403,0.5,137,4.3,179,5.6,456,14.3,2
2015,West Virginia,4,5,19,78.6,10.3,0,398,0,191,71.9,2366,73.9,2139,66.8,7.1,813,1975,41.2,697,1488,46.8,213,6.7,669,31.83856502,473,173,36.6,527,798,66,1177,36.8,1063,33.2,3.6,465,14.5,418,13.1,1.11,462,0.8,91,2.8,350,10.9,747,23.3,21
2015,Wichita St.,4,7,26,83.2,12.7,1027,737,471,379,87.5,2231,69.7,1786,55.8,13.9,784,1756,44.6,617,1551,39.8,224,7,619,36.18739903,469,161,34.3,439,638,68.8,1138,35.6,970,30.3,5.3,445,13.9,301,9.4,1.48,376,-0.1,122,3.8,225,7,534,16.7,2
2015,Wisconsin,7,1,4,92,19.3,1483,1460,706,730,91.2,2444,71.9,1908,56.1,15.8,860,1793,48,742,1771,41.9,237,7,663,35.74660633,472,170,36,487,638,76.3,1145,33.7,942,27.7,6,432,12.7,252,7.4,1.71,435,1.9,119,3.5,154,4.5,409,12,3
2015,Wofford,2,12,49,64.1,4.6,0,0,0,0,82.4,2278,67,2033,59.8,7.2,800,1745,45.8,715,1715,41.7,215,6.3,572,37.58741259,551,170,30.9,463,672,68.9,1102,32.4,1054,31,1.4,454,13.4,371,10.9,1.22,405,1,86,2.5,223,6.6,574,16.9,4
2015,Wyoming,2,12,47,60.5,3.4,0,0,0,0,73.5,2097,61.7,1903,56,5.7,726,1573,46.2,692,1725,40.1,200,5.9,620,32.25806452,612,210,34.3,445,629,70.7,1025,30.1,1023,30.1,0.1,487,14.3,380,11.2,1.28,440,0.9,99,2.9,189,5.6,464,13.6,7
2015,Xavier,4,6,24,77.7,9.9,0,0,0,0,61.8,2501,73.6,2300,67.6,5.9,885,1870,47.3,814,1862,43.7,214,6.3,613,34.91027732,693,242,34.9,517,713,72.5,1184,34.8,1060,31.2,3.6,557,16.4,411,12.1,1.36,389,-0.5,97,2.9,207,6.1,614,18.1,13